<?xml version="1.0"?>
<tool_dependency>
    <package name="cutadapt" version="1.1">
        <install version="1.0">
            <actions>
                <action type="download_by_url">http://pypi.python.org/packages/source/c/cutadapt/cutadapt-1.1.tar.gz</action>
                <action type="shell_command">python setup.py install --home $INSTALL_DIR --install-scripts $INSTALL_DIR/bin</action>
                <action type="set_environment">
                    <environment_variable name="PYTHONPATH" action="append_to">$INSTALL_DIR/lib/python</environment_variable>
                    <environment_variable name="PATH" action="prepend_to">$INSTALL_DIR/bin</environment_variable>
                </action>
            </actions>
        </install>
        <readme>
        </readme>
    </package>
</tool_dependency>
